John Wick,X999,275.0,12x34x12,Released
Tony Lawson,X086,7.0,4x1x7,Released,$70.0
Kim Mun,X123,4.0,5x6x7,Released,£12.00
Lucy Grey,X025,7.0,1x4x9,Released,£13.50
Ann Jones,X064,8.0,4x1x8,Released,£14.00
Thomas Young,X507,5.0,3x9x8,Released,£12.50
Donald Murray,X720,4.0,2x1x3,Released,£12.00
Joe Woods,X213,4.0,8x5x2,Released,£12.00
David Hunter,X278,5.0,3x1x0,Released,£12.50
Halena,X332,1.0,4 5 6,Released,£10.50
Dave Jackson,X316,9.0,5x4x0,Released,£14.50
dannie,X123,3.0,4 5 4,Released,£11.50
Jo Hill,X285,1.0,4x3x1,Released,£10.50
Helen Webster,X309,1.0,2x8x5,Released,£10.50
Viola Nicholson,X540,9.0,2x5x4,Released,£14.50
Keith Burns,X552,4.0,5x7x8,Released,£12.00
Jack Houston,X733,6.0,6x5x7,Released,£13.00
